{"sc_x_mean":{"0":12.9720010978,"1":0.2142643303,"2":0.9168129969},"sc_x_std":{"0":54.1977406267,"1":163.5512754839,"2":158.7274035908}}